country,alpha_2_code,alpha_3_code,numeric_code,indicator,time_period,obs_value,sex,unit_multiplier,unit_of_measure,observation_status,observation_confidentaility,time_period_activity_related_to_when_the_data_are_collected,current_age
Afghanistan,AF,AFG,4,Proportion of adolescents and adults (aged 15 years and older) with an account at a financial institution or mobile money service provider,2014,3.81243,Female,,%,,,,Total
Afghanistan,AF,AFG,4,Proportion of adolescents and adults (aged 15 years and older) with an account at a financial institution or mobile money service provider,2017,7.16069,Female,,%,,,,Total
Afghanistan,AF,AFG,4,Proportion of adolescents and adults (aged 15 years and older) with an account at a financial institution or mobile money service provider,2014,15.78467,Male,,%,,,,Total
Afghanistan,AF,AFG,4,Proportion of adolescents and adults (aged 15 years and older) with an account at a financial institution or mobile money service provider,2017,22.5365,Male,,%,,,,Total
Afghanistan,AF,AFG,4,Proportion of adolescents and adults (aged 15 years and older) with an account at a financial institution or mobile money service provider,2014,9.961,Total,,%,,,,Total
Afghanistan,AF,AFG,4,Proportion of adolescents and adults (aged 15 years and older) with an account at a financial institution or mobile money service provider,2017,14.89331,Total,,%,,,,Total
Algeria,DZ,DZA,12,Proportion of adolescents and adults (aged 15 years and older) with an account at a financial institution or mobile money service provider,2014,40.07096,Female,,%,,,,Total
Algeria,DZ,DZA,12,Proportion of adolescents and adults (aged 15 years and older) with an account at a financial institution or mobile money service provider,2017,29.26873,Female,,%,,,,Total
Algeria,DZ,DZA,12,Proportion of adolescents and adults (aged 15 years and older) with an account at a financial institution or mobile money service provider,2014,60.90908,Male,,%,,,,Total
Algeria,DZ,DZA,12,Proportion of adolescents and adults (aged 15 years and older) with an account at a financial institution or mobile money service provider,2017,56.25494,Male,,%,,,,Total
Algeria,DZ,DZA,12,Proportion of adolescents and adults (aged 15 years and older) with an account at a financial institution or mobile money service provider,2014,50.47579,Total,,%,,,,Total
Algeria,DZ,DZA,12,Proportion of adolescents and adults (aged 15 years and older) with an account at a financial institution or mobile money service provider,2017,42.77663,Total,,%,,,,Total
Angola,AO,AGO,24,Proportion of adolescents and adults (aged 15 years and older) with an account at a financial institution or mobile money service provider,2014,22.33165,Female,,%,,,,Total
Angola,AO,AGO,24,Proportion of adolescents and adults (aged 15 years and older) with an account at a financial institution or mobile money service provider,2014,36.13213,Male,,%,,,,Total
Angola,AO,AGO,24,Proportion of adolescents and adults (aged 15 years and older) with an account at a financial institution or mobile money service provider,2014,29.31812,Total,,%,,,,Total
Armenia,AM,ARM,51,Proportion of adolescents and adults (aged 15 years and older) with an account at a financial institution or mobile money service provider,2014,14.74475,Female,,%,,,,Total
Armenia,AM,ARM,51,Proportion of adolescents and adults (aged 15 years and older) with an account at a financial institution or mobile money service provider,2017,40.90644,Female,,%,,,,Total
Armenia,AM,ARM,51,Proportion of adolescents and adults (aged 15 years and older) with an account at a financial institution or mobile money service provider,2014,21.11982,Male,,%,,,,Total
Armenia,AM,ARM,51,Proportion of adolescents and adults (aged 15 years and older) with an account at a financial institution or mobile money service provider,2017,55.75142,Male,,%,,,,Total
Armenia,AM,ARM,51,Proportion of adolescents and adults (aged 15 years and older) with an account at a financial institution or mobile money service provider,2014,17.66907,Total,,%,,,,Total
Armenia,AM,ARM,51,Proportion of adolescents and adults (aged 15 years and older) with an account at a financial institution or mobile money service provider,2017,47.75902,Total,,%,,,,Total
Azerbaijan,AZ,AZE,31,Proportion of adolescents and adults (aged 15 years and older) with an account at a financial institution or mobile money service provider,2014,25.89699,Female,,%,,,,Total
Azerbaijan,AZ,AZE,31,Proportion of adolescents and adults (aged 15 years and older) with an account at a financial institution or mobile money service provider,2017,27.71963,Female,,%,,,,Total
Azerbaijan,AZ,AZE,31,Proportion of adolescents and adults (aged 15 years and older) with an account at a financial institution or mobile money service provider,2014,32.61356,Male,,%,,,,Total
Azerbaijan,AZ,AZE,31,Proportion of adolescents and adults (aged 15 years and older) with an account at a financial institution or mobile money service provider,2017,29.43609,Male,,%,,,,Total
Azerbaijan,AZ,AZE,31,Proportion of adolescents and adults (aged 15 years and older) with an account at a financial institution or mobile money service provider,2014,29.15149,Total,,%,,,,Total
Azerbaijan,AZ,AZE,31,Proportion of adolescents and adults (aged 15 years and older) with an account at a financial institution or mobile money service provider,2017,28.5712,Total,,%,,,,Total
Bahrain,BH,BHR,48,Proportion of adolescents and adults (aged 15 years and older) with an account at a financial institution or mobile money service provider,2014,66.74097,Female,,%,,,,Total
Bahrain,BH,BHR,48,Proportion of adolescents and adults (aged 15 years and older) with an account at a financial institution or mobile money service provider,2017,75.40674,Female,,%,,,,Total
Bahrain,BH,BHR,48,Proportion of adolescents and adults (aged 15 years and older) with an account at a financial institution or mobile money service provider,2014,90.24554,Male,,%,,,,Total
Bahrain,BH,BHR,48,Proportion of adolescents and adults (aged 15 years and older) with an account at a financial institution or mobile money service provider,2017,86.31371,Male,,%,,,,Total
Bahrain,BH,BHR,48,Proportion of adolescents and adults (aged 15 years and older) with an account at a financial institution or mobile money service provider,2014,81.93935,Total,,%,,,,Total
Bahrain,BH,BHR,48,Proportion of adolescents and adults (aged 15 years and older) with an account at a financial institution or mobile money service provider,2017,82.61285,Total,,%,,,,Total
Belarus,BY,BLR,112,Proportion of adolescents and adults (aged 15 years and older) with an account at a financial institution or mobile money service provider,2014,71.96009,Female,,%,,,,Total
Belarus,BY,BLR,112,Proportion of adolescents and adults (aged 15 years and older) with an account at a financial institution or mobile money service provider,2017,81.33817,Female,,%,,,,Total
Belarus,BY,BLR,112,Proportion of adolescents and adults (aged 15 years and older) with an account at a financial institution or mobile money service provider,2014,72.01527,Male,,%,,,,Total
Belarus,BY,BLR,112,Proportion of adolescents and adults (aged 15 years and older) with an account at a financial institution or mobile money service provider,2017,80.93417,Male,,%,,,,Total
Belarus,BY,BLR,112,Proportion of adolescents and adults (aged 15 years and older) with an account at a financial institution or mobile money service provider,2014,71.98499,Total,,%,,,,Total
Belarus,BY,BLR,112,Proportion of adolescents and adults (aged 15 years and older) with an account at a financial institution or mobile money service provider,2017,81.15588,Total,,%,,,,Total
Brazil,BR,BRA,76,Proportion of adolescents and adults (aged 15 years and older) with an account at a financial institution or mobile money service provider,2014,64.77332,Female,,%,,,,Total
Brazil,BR,BRA,76,Proportion of adolescents and adults (aged 15 years and older) with an account at a financial institution or mobile money service provider,2017,67.51465,Female,,%,,,,Total
Brazil,BR,BRA,76,Proportion of adolescents and adults (aged 15 years and older) with an account at a financial institution or mobile money service provider,2014,71.68842,Male,,%,,,,Total
Brazil,BR,BRA,76,Proportion of adolescents and adults (aged 15 years and older) with an account at a financial institution or mobile money service provider,2017,72.84754,Male,,%,,,,Total
Brazil,BR,BRA,76,Proportion of adolescents and adults (aged 15 years and older) with an account at a financial institution or mobile money service provider,2014,68.12315,Total,,%,,,,Total
Brazil,BR,BRA,76,Proportion of adolescents and adults (aged 15 years and older) with an account at a financial institution or mobile money service provider,2017,70.04395,Total,,%,,,,Total
Burundi,BI,BDI,108,Proportion of adolescents and adults (aged 15 years and older) with an account at a financial institution or mobile money service provider,2014,6.72623,Female,,%,,,,Total
Burundi,BI,BDI,108,Proportion of adolescents and adults (aged 15 years and older) with an account at a financial institution or mobile money service provider,2014,7.49517,Male,,%,,,,Total
Burundi,BI,BDI,108,Proportion of adolescents and adults (aged 15 years and older) with an account at a financial institution or mobile money service provider,2014,7.10576,Total,,%,,,,Total
Cambodia,KH,KHM,116,Proportion of adolescents and adults (aged 15 years and older) with an account at a financial institution or mobile money service provider,2014,20.49763,Female,,%,,,,Total
Cambodia,KH,KHM,116,Proportion of adolescents and adults (aged 15 years and older) with an account at a financial institution or mobile money service provider,2017,21.52639,Female,,%,,,,Total
Cambodia,KH,KHM,116,Proportion of adolescents and adults (aged 15 years and older) with an account at a financial institution or mobile money service provider,2014,24.28904,Male,,%,,,,Total
Cambodia,KH,KHM,116,Proportion of adolescents and adults (aged 15 years and older) with an account at a financial institution or mobile money service provider,2017,21.84546,Male,,%,,,,Total
Cambodia,KH,KHM,116,Proportion of adolescents and adults (aged 15 years and older) with an account at a financial institution or mobile money service provider,2014,22.16527,Total,,%,,,,Total
Cambodia,KH,KHM,116,Proportion of adolescents and adults (aged 15 years and older) with an account at a financial institution or mobile money service provider,2017,21.67178,Total,,%,,,,Total
Cameroon,CM,CMR,120,Proportion of adolescents and adults (aged 15 years and older) with an account at a financial institution or mobile money service provider,2014,10.1782,Female,,%,,,,Total
Cameroon,CM,CMR,120,Proportion of adolescents and adults (aged 15 years and older) with an account at a financial institution or mobile money service provider,2017,30.03037,Female,,%,,,,Total
Cameroon,CM,CMR,120,Proportion of adolescents and adults (aged 15 years and older) with an account at a financial institution or mobile money service provider,2014,14.1789,Male,,%,,,,Total
Cameroon,CM,CMR,120,Proportion of adolescents and adults (aged 15 years and older) with an account at a financial institution or mobile money service provider,2017,39.24445,Male,,%,,,,Total
Cameroon,CM,CMR,120,Proportion of adolescents and adults (aged 15 years and older) with an account at a financial institution or mobile money service provider,2014,12.17773,Total,,%,,,,Total
Cameroon,CM,CMR,120,Proportion of adolescents and adults (aged 15 years and older) with an account at a financial institution or mobile money service provider,2017,34.59079,Total,,%,,,,Total
Chile,CL,CHL,152,Proportion of adolescents and adults (aged 15 years and older) with an account at a financial institution or mobile money service provider,2014,59.16445,Female,,%,,,,Total
Chile,CL,CHL,152,Proportion of adolescents and adults (aged 15 years and older) with an account at a financial institution or mobile money service provider,2017,71.27379,Female,,%,,,,Total
Chile,CL,CHL,152,Proportion of adolescents and adults (aged 15 years and older) with an account at a financial institution or mobile money service provider,2014,67.8176,Male,,%,,,,Total
Chile,CL,CHL,152,Proportion of adolescents and adults (aged 15 years and older) with an account at a financial institution or mobile money service provider,2017,77.75387,Male,,%,,,,Total
Chile,CL,CHL,152,Proportion of adolescents and adults (aged 15 years and older) with an account at a financial institution or mobile money service provider,2014,63.25888,Total,,%,,,,Total
Chile,CL,CHL,152,Proportion of adolescents and adults (aged 15 years and older) with an account at a financial institution or mobile money service provider,2017,74.34924,Total,,%,,,,Total
Hong Kong,HK,HKG,344,Proportion of adolescents and adults (aged 15 years and older) with an account at a financial institution or mobile money service provider,2014,96.26569,Female,,%,,,,Total
Hong Kong,HK,HKG,344,Proportion of adolescents and adults (aged 15 years and older) with an account at a financial institution or mobile money service provider,2017,94.70242,Female,,%,,,,Total
Hong Kong,HK,HKG,344,Proportion of adolescents and adults (aged 15 years and older) with an account at a financial institution or mobile money service provider,2014,96.00505,Male,,%,,,,Total
Hong Kong,HK,HKG,344,Proportion of adolescents and adults (aged 15 years and older) with an account at a financial institution or mobile money service provider,2017,95.99282,Male,,%,,,,Total
Hong Kong,HK,HKG,344,Proportion of adolescents and adults (aged 15 years and older) with an account at a financial institution or mobile money service provider,2014,96.14764,Total,,%,,,,Total
Hong Kong,HK,HKG,344,Proportion of adolescents and adults (aged 15 years and older) with an account at a financial institution or mobile money service provider,2017,95.28326,Total,,%,,,,Total
Colombia,CO,COL,170,Proportion of adolescents and adults (aged 15 years and older) with an account at a financial institution or mobile money service provider,2014,33.95366,Female,,%,,,,Total
Colombia,CO,COL,170,Proportion of adolescents and adults (aged 15 years and older) with an account at a financial institution or mobile money service provider,2017,42.47443,Female,,%,,,,Total
Colombia,CO,COL,170,Proportion of adolescents and adults (aged 15 years and older) with an account at a financial institution or mobile money service provider,2014,44.42184,Male,,%,,,,Total
Colombia,CO,COL,170,Proportion of adolescents and adults (aged 15 years and older) with an account at a financial institution or mobile money service provider,2017,49.44697,Male,,%,,,,Total
Colombia,CO,COL,170,Proportion of adolescents and adults (aged 15 years and older) with an account at a financial institution or mobile money service provider,2014,38.99902,Total,,%,,,,Total
Colombia,CO,COL,170,Proportion of adolescents and adults (aged 15 years and older) with an account at a financial institution or mobile money service provider,2017,45.75923,Total,,%,,,,Total
Costa Rica,CR,CRI,188,Proportion of adolescents and adults (aged 15 years and older) with an account at a financial institution or mobile money service provider,2014,60.23973,Female,,%,,,,Total
Costa Rica,CR,CRI,188,Proportion of adolescents and adults (aged 15 years and older) with an account at a financial institution or mobile money service provider,2017,60.87906,Female,,%,,,,Total
Costa Rica,CR,CRI,188,Proportion of adolescents and adults (aged 15 years and older) with an account at a financial institution or mobile money service provider,2014,69.22361,Male,,%,,,,Total
Costa Rica,CR,CRI,188,Proportion of adolescents and adults (aged 15 years and older) with an account at a financial institution or mobile money service provider,2017,75.46136,Male,,%,,,,Total
Costa Rica,CR,CRI,188,Proportion of adolescents and adults (aged 15 years and older) with an account at a financial institution or mobile money service provider,2014,64.55306,Total,,%,,,,Total
Costa Rica,CR,CRI,188,Proportion of adolescents and adults (aged 15 years and older) with an account at a financial institution or mobile money service provider,2017,67.83836,Total,,%,,,,Total
Cyprus,CY,CYP,196,Proportion of adolescents and adults (aged 15 years and older) with an account at a financial institution or mobile money service provider,2014,90.28902,Female,,%,,,,Total
Cyprus,CY,CYP,196,Proportion of adolescents and adults (aged 15 years and older) with an account at a financial institution or mobile money service provider,2017,90.01422,Female,,%,,,,Total
Cyprus,CY,CYP,196,Proportion of adolescents and adults (aged 15 years and older) with an account at a financial institution or mobile money service provider,2014,90.00277,Male,,%,,,,Total
Cyprus,CY,CYP,196,Proportion of adolescents and adults (aged 15 years and older) with an account at a financial institution or mobile money service provider,2017,87.31525,Male,,%,,,,Total
Cyprus,CY,CYP,196,Proportion of adolescents and adults (aged 15 years and older) with an account at a financial institution or mobile money service provider,2014,90.1502,Total,,%,,,,Total
Cyprus,CY,CYP,196,Proportion of adolescents and adults (aged 15 years and older) with an account at a financial institution or mobile money service provider,2017,88.71576,Total,,%,,,,Total
Czech Republic,CZ,CZE,203,Proportion of adolescents and adults (aged 15 years and older) with an account at a financial institution or mobile money service provider,2014,79.37345,Female,,%,,,,Total
Czech Republic,CZ,CZE,203,Proportion of adolescents and adults (aged 15 years and older) with an account at a financial institution or mobile money service provider,2017,78.58479,Female,,%,,,,Total
Czech Republic,CZ,CZE,203,Proportion of adolescents and adults (aged 15 years and older) with an account at a financial institution or mobile money service provider,2014,85.16471,Male,,%,,,,Total
Czech Republic,CZ,CZE,203,Proportion of adolescents and adults (aged 15 years and older) with an account at a financial institution or mobile money service provider,2017,83.5769,Male,,%,,,,Total
Czech Republic,CZ,CZE,203,Proportion of adolescents and adults (aged 15 years and older) with an account at a financial institution or mobile money service provider,2014,82.17821,Total,,%,,,,Total
Czech Republic,CZ,CZE,203,Proportion of adolescents and adults (aged 15 years and older) with an account at a financial institution or mobile money service provider,2017,80.99226,Total,,%,,,,Total
Côte d'Ivoire,CI,CIV,384,Proportion of adolescents and adults (aged 15 years and older) with an account at a financial institution or mobile money service provider,2014,29.16058,Female,,%,,,,Total
Ivory Coast,CI,CIV,384,Proportion of adolescents and adults (aged 15 years and older) with an account at a financial institution or mobile money service provider,2014,29.16058,Female,,%,,,,Total
Côte d'Ivoire,CI,CIV,384,Proportion of adolescents and adults (aged 15 years and older) with an account at a financial institution or mobile money service provider,2017,35.56498,Female,,%,,,,Total
Ivory Coast,CI,CIV,384,Proportion of adolescents and adults (aged 15 years and older) with an account at a financial institution or mobile money service provider,2017,35.56498,Female,,%,,,,Total
Côte d'Ivoire,CI,CIV,384,Proportion of adolescents and adults (aged 15 years and older) with an account at a financial institution or mobile money service provider,2014,39.20249,Male,,%,,,,Total
Ivory Coast,CI,CIV,384,Proportion of adolescents and adults (aged 15 years and older) with an account at a financial institution or mobile money service provider,2014,39.20249,Male,,%,,,,Total
Côte d'Ivoire,CI,CIV,384,Proportion of adolescents and adults (aged 15 years and older) with an account at a financial institution or mobile money service provider,2017,46.59711,Male,,%,,,,Total
Ivory Coast,CI,CIV,384,Proportion of adolescents and adults (aged 15 years and older) with an account at a financial institution or mobile money service provider,2017,46.59711,Male,,%,,,,Total
Côte d'Ivoire,CI,CIV,384,Proportion of adolescents and adults (aged 15 years and older) with an account at a financial institution or mobile money service provider,2014,34.32202,Total,,%,,,,Total
Ivory Coast,CI,CIV,384,Proportion of adolescents and adults (aged 15 years and older) with an account at a financial institution or mobile money service provider,2014,34.32202,Total,,%,,,,Total
Côte d'Ivoire,CI,CIV,384,Proportion of adolescents and adults (aged 15 years and older) with an account at a financial institution or mobile money service provider,2017,41.33096,Total,,%,,,,Total
Ivory Coast,CI,CIV,384,Proportion of adolescents and adults (aged 15 years and older) with an account at a financial institution or mobile money service provider,2017,41.33096,Total,,%,,,,Total
Denmark,DK,DNK,208,Proportion of adolescents and adults (aged 15 years and older) with an account at a financial institution or mobile money service provider,2014,100,Female,,%,,,,Total
Denmark,DK,DNK,208,Proportion of adolescents and adults (aged 15 years and older) with an account at a financial institution or mobile money service provider,2017,100,Female,,%,,,,Total
Denmark,DK,DNK,208,Proportion of adolescents and adults (aged 15 years and older) with an account at a financial institution or mobile money service provider,2014,100,Male,,%,,,,Total
Denmark,DK,DNK,208,Proportion of adolescents and adults (aged 15 years and older) with an account at a financial institution or mobile money service provider,2017,99.83296,Male,,%,,,,Total
Denmark,DK,DNK,208,Proportion of adolescents and adults (aged 15 years and older) with an account at a financial institution or mobile money service provider,2014,100,Total,,%,,,,Total
Denmark,DK,DNK,208,Proportion of adolescents and adults (aged 15 years and older) with an account at a financial institution or mobile money service provider,2017,99.91737,Total,,%,,,,Total
Dominican Republic,DO,DOM,214,Proportion of adolescents and adults (aged 15 years and older) with an account at a financial institution or mobile money service provider,2014,55.95061,Female,,%,,,,Total
Dominican Republic,DO,DOM,214,Proportion of adolescents and adults (aged 15 years and older) with an account at a financial institution or mobile money service provider,2017,54.14284,Female,,%,,,,Total
Dominican Republic,DO,DOM,214,Proportion of adolescents and adults (aged 15 years and older) with an account at a financial institution or mobile money service provider,2014,52.19295,Male,,%,,,,Total
Dominican Republic,DO,DOM,214,Proportion of adolescents and adults (aged 15 years and older) with an account at a financial institution or mobile money service provider,2017,58.35587,Male,,%,,,,Total
Dominican Republic,DO,DOM,214,Proportion of adolescents and adults (aged 15 years and older) with an account at a financial institution or mobile money service provider,2014,54.09099,Total,,%,,,,Total
Dominican Republic,DO,DOM,214,Proportion of adolescents and adults (aged 15 years and older) with an account at a financial institution or mobile money service provider,2017,56.23919,Total,,%,,,,Total
Ecuador,EC,ECU,218,Proportion of adolescents and adults (aged 15 years and older) with an account at a financial institution or mobile money service provider,2014,40.82298,Female,,%,,,,Total
Ecuador,EC,ECU,218,Proportion of adolescents and adults (aged 15 years and older) with an account at a financial institution or mobile money service provider,2017,42.60634,Female,,%,,,,Total
Ecuador,EC,ECU,218,Proportion of adolescents and adults (aged 15 years and older) with an account at a financial institution or mobile money service provider,2014,51.86861,Male,,%,,,,Total
Ecuador,EC,ECU,218,Proportion of adolescents and adults (aged 15 years and older) with an account at a financial institution or mobile money service provider,2017,60.23606,Male,,%,,,,Total
Ecuador,EC,ECU,218,Proportion of adolescents and adults (aged 15 years and older) with an account at a financial institution or mobile money service provider,2014,46.21243,Total,,%,,,,Total
Ecuador,EC,ECU,218,Proportion of adolescents and adults (aged 15 years and older) with an account at a financial institution or mobile money service provider,2017,51.24602,Total,,%,,,,Total
Egypt,EG,EGY,818,Proportion of adolescents and adults (aged 15 years and older) with an account at a financial institution or mobile money service provider,2014,9.30749,Female,,%,,,,Total
Egypt,EG,EGY,818,Proportion of adolescents and adults (aged 15 years and older) with an account at a financial institution or mobile money service provider,2017,26.99442,Female,,%,,,,Total
Egypt,EG,EGY,818,Proportion of adolescents and adults (aged 15 years and older) with an account at a financial institution or mobile money service provider,2014,18.76186,Male,,%,,,,Total
Egypt,EG,EGY,818,Proportion of adolescents and adults (aged 15 years and older) with an account at a financial institution or mobile money service provider,2017,38.65348,Male,,%,,,,Total
Egypt,EG,EGY,818,Proportion of adolescents and adults (aged 15 years and older) with an account at a financial institution or mobile money service provider,2014,14.1268,Total,,%,,,,Total
Egypt,EG,EGY,818,Proportion of adolescents and adults (aged 15 years and older) with an account at a financial institution or mobile money service provider,2017,32.78436,Total,,%,,,,Total
El Salvador,SV,SLV,222,Proportion of adolescents and adults (aged 15 years and older) with an account at a financial institution or mobile money service provider,2014,31.90693,Female,,%,,,,Total
El Salvador,SV,SLV,222,Proportion of adolescents and adults (aged 15 years and older) with an account at a financial institution or mobile money service provider,2017,24.37996,Female,,%,,,,Total
El Salvador,SV,SLV,222,Proportion of adolescents and adults (aged 15 years and older) with an account at a financial institution or mobile money service provider,2014,41.87103,Male,,%,,,,Total
El Salvador,SV,SLV,222,Proportion of adolescents and adults (aged 15 years and older) with an account at a financial institution or mobile money service provider,2017,37.57714,Male,,%,,,,Total
El Salvador,SV,SLV,222,Proportion of adolescents and adults (aged 15 years and older) with an account at a financial institution or mobile money service provider,2014,36.71971,Total,,%,,,,Total
El Salvador,SV,SLV,222,Proportion of adolescents and adults (aged 15 years and older) with an account at a financial institution or mobile money service provider,2017,30.35295,Total,,%,,,,Total
Ethiopia,ET,ETH,231,Proportion of adolescents and adults (aged 15 years and older) with an account at a financial institution or mobile money service provider,2014,21.00403,Female,,%,,,,Total
Ethiopia,ET,ETH,231,Proportion of adolescents and adults (aged 15 years and older) with an account at a financial institution or mobile money service provider,2017,29.07543,Female,,%,,,,Total
Ethiopia,ET,ETH,231,Proportion of adolescents and adults (aged 15 years and older) with an account at a financial institution or mobile money service provider,2014,22.62206,Male,,%,,,,Total
Ethiopia,ET,ETH,231,Proportion of adolescents and adults (aged 15 years and older) with an account at a financial institution or mobile money service provider,2017,40.94387,Male,,%,,,,Total
Ethiopia,ET,ETH,231,Proportion of adolescents and adults (aged 15 years and older) with an account at a financial institution or mobile money service provider,2014,21.79158,Total,,%,,,,Total
Ethiopia,ET,ETH,231,Proportion of adolescents and adults (aged 15 years and older) with an account at a financial institution or mobile money service provider,2017,34.82757,Total,,%,,,,Total
Finland,FI,FIN,246,Proportion of adolescents and adults (aged 15 years and older) with an account at a financial institution or mobile money service provider,2014,100,Female,,%,,,,Total
Finland,FI,FIN,246,Proportion of adolescents and adults (aged 15 years and older) with an account at a financial institution or mobile money service provider,2017,99.58627,Female,,%,,,,Total
Finland,FI,FIN,246,Proportion of adolescents and adults (aged 15 years and older) with an account at a financial institution or mobile money service provider,2014,100,Male,,%,,,,Total
Finland,FI,FIN,246,Proportion of adolescents and adults (aged 15 years and older) with an account at a financial institution or mobile money service provider,2017,100,Male,,%,,,,Total
Finland,FI,FIN,246,Proportion of adolescents and adults (aged 15 years and older) with an account at a financial institution or mobile money service provider,2014,100,Total,,%,,,,Total
Finland,FI,FIN,246,Proportion of adolescents and adults (aged 15 years and older) with an account at a financial institution or mobile money service provider,2017,99.78542,Total,,%,,,,Total
France,FR,FRA,250,Proportion of adolescents and adults (aged 15 years and older) with an account at a financial institution or mobile money service provider,2014,95.46658,Female,,%,,,,Total
France,FR,FRA,250,Proportion of adolescents and adults (aged 15 years and older) with an account at a financial institution or mobile money service provider,2017,91.28713,Female,,%,,,,Total
France,FR,FRA,250,Proportion of adolescents and adults (aged 15 years and older) with an account at a financial institution or mobile money service provider,2014,97.78792,Male,,%,,,,Total
France,FR,FRA,250,Proportion of adolescents and adults (aged 15 years and older) with an account at a financial institution or mobile money service provider,2017,96.97883,Male,,%,,,,Total
France,FR,FRA,250,Proportion of adolescents and adults (aged 15 years and older) with an account at a financial institution or mobile money service provider,2014,96.58276,Total,,%,,,,Total
France,FR,FRA,250,Proportion of adolescents and adults (aged 15 years and older) with an account at a financial institution or mobile money service provider,2017,94.00404,Total,,%,,,,Total
Georgia,GE,GEO,268,Proportion of adolescents and adults (aged 15 years and older) with an account at a financial institution or mobile money service provider,2014,39.76326,Female,,%,,,,Total
Georgia,GE,GEO,268,Proportion of adolescents and adults (aged 15 years and older) with an account at a financial institution or mobile money service provider,2017,63.61226,Female,,%,,,,Total
Georgia,GE,GEO,268,Proportion of adolescents and adults (aged 15 years and older) with an account at a financial institution or mobile money service provider,2014,39.55237,Male,,%,,,,Total
Georgia,GE,GEO,268,Proportion of adolescents and adults (aged 15 years and older) with an account at a financial institution or mobile money service provider,2017,58.49179,Male,,%,,,,Total
Georgia,GE,GEO,268,Proportion of adolescents and adults (aged 15 years and older) with an account at a financial institution or mobile money service provider,2014,39.66507,Total,,%,,,,Total
Georgia,GE,GEO,268,Proportion of adolescents and adults (aged 15 years and older) with an account at a financial institution or mobile money service provider,2017,61.23045,Total,,%,,,,Total
Guatemala,GT,GTM,320,Proportion of adolescents and adults (aged 15 years and older) with an account at a financial institution or mobile money service provider,2014,34.69493,Female,,%,,,,Total
Guatemala,GT,GTM,320,Proportion of adolescents and adults (aged 15 years and older) with an account at a financial institution or mobile money service provider,2017,42.08628,Female,,%,,,,Total
Guatemala,GT,GTM,320,Proportion of adolescents and adults (aged 15 years and older) with an account at a financial institution or mobile money service provider,2014,48.75642,Male,,%,,,,Total
Guatemala,GT,GTM,320,Proportion of adolescents and adults (aged 15 years and older) with an account at a financial institution or mobile money service provider,2017,46.35696,Male,,%,,,,Total
Guatemala,GT,GTM,320,Proportion of adolescents and adults (aged 15 years and older) with an account at a financial institution or mobile money service provider,2014,41.34922,Total,,%,,,,Total
Guatemala,GT,GTM,320,Proportion of adolescents and adults (aged 15 years and older) with an account at a financial institution or mobile money service provider,2017,44.10701,Total,,%,,,,Total
Guinea,GN,GIN,324,Proportion of adolescents and adults (aged 15 years and older) with an account at a financial institution or mobile money service provider,2014,4.11508,Female,,%,,,,Total
Guinea,GN,GIN,324,Proportion of adolescents and adults (aged 15 years and older) with an account at a financial institution or mobile money service provider,2017,19.67097,Female,,%,,,,Total
Guinea,GN,GIN,324,Proportion of adolescents and adults (aged 15 years and older) with an account at a financial institution or mobile money service provider,2014,9.79942,Male,,%,,,,Total
Guinea,GN,GIN,324,Proportion of adolescents and adults (aged 15 years and older) with an account at a financial institution or mobile money service provider,2017,27.26421,Male,,%,,,,Total
Guinea,GN,GIN,324,Proportion of adolescents and adults (aged 15 years and older) with an account at a financial institution or mobile money service provider,2014,6.96002,Total,,%,,,,Total
Guinea,GN,GIN,324,Proportion of adolescents and adults (aged 15 years and older) with an account at a financial institution or mobile money service provider,2017,23.48603,Total,,%,,,,Total
Haiti,HT,HTI,332,Proportion of adolescents and adults (aged 15 years and older) with an account at a financial institution or mobile money service provider,2014,16.11922,Female,,%,,,,Total
Haiti,HT,HTI,332,Proportion of adolescents and adults (aged 15 years and older) with an account at a financial institution or mobile money service provider,2017,30.04561,Female,,%,,,,Total
Haiti,HT,HTI,332,Proportion of adolescents and adults (aged 15 years and older) with an account at a financial institution or mobile money service provider,2014,21.6838,Male,,%,,,,Total
Haiti,HT,HTI,332,Proportion of adolescents and adults (aged 15 years and older) with an account at a financial institution or mobile money service provider,2017,35.35472,Male,,%,,,,Total
Haiti,HT,HTI,332,Proportion of adolescents and adults (aged 15 years and older) with an account at a financial institution or mobile money service provider,2014,18.85868,Total,,%,,,,Total
Haiti,HT,HTI,332,Proportion of adolescents and adults (aged 15 years and older) with an account at a financial institution or mobile money service provider,2017,32.62119,Total,,%,,,,Total
Indonesia,ID,IDN,360,Proportion of adolescents and adults (aged 15 years and older) with an account at a financial institution or mobile money service provider,2014,37.46404,Female,,%,,,,Total
Indonesia,ID,IDN,360,Proportion of adolescents and adults (aged 15 years and older) with an account at a financial institution or mobile money service provider,2017,51.35492,Female,,%,,,,Total
Indonesia,ID,IDN,360,Proportion of adolescents and adults (aged 15 years and older) with an account at a financial institution or mobile money service provider,2014,34.61793,Male,,%,,,,Total
Indonesia,ID,IDN,360,Proportion of adolescents and adults (aged 15 years and older) with an account at a financial institution or mobile money service provider,2017,46.24572,Male,,%,,,,Total
Indonesia,ID,IDN,360,Proportion of adolescents and adults (aged 15 years and older) with an account at a financial institution or mobile money service provider,2014,36.05899,Total,,%,,,,Total
Indonesia,ID,IDN,360,Proportion of adolescents and adults (aged 15 years and older) with an account at a financial institution or mobile money service provider,2017,48.85745,Total,,%,,,,Total
"Iran, Islamic Republic of",IR,IRN,364,Proportion of adolescents and adults (aged 15 years and older) with an account at a financial institution or mobile money service provider,2014,87.32265,Female,,%,,,,Total
"Iran, Islamic Republic of",IR,IRN,364,Proportion of adolescents and adults (aged 15 years and older) with an account at a financial institution or mobile money service provider,2017,91.61126,Female,,%,,,,Total
"Iran, Islamic Republic of",IR,IRN,364,Proportion of adolescents and adults (aged 15 years and older) with an account at a financial institution or mobile money service provider,2014,97.13841,Male,,%,,,,Total
"Iran, Islamic Republic of",IR,IRN,364,Proportion of adolescents and adults (aged 15 years and older) with an account at a financial institution or mobile money service provider,2017,96.45177,Male,,%,,,,Total
"Iran, Islamic Republic of",IR,IRN,364,Proportion of adolescents and adults (aged 15 years and older) with an account at a financial institution or mobile money service provider,2014,92.28025,Total,,%,,,,Total
"Iran, Islamic Republic of",IR,IRN,364,Proportion of adolescents and adults (aged 15 years and older) with an account at a financial institution or mobile money service provider,2017,93.98192,Total,,%,,,,Total
Iraq,IQ,IRQ,368,Proportion of adolescents and adults (aged 15 years and older) with an account at a financial institution or mobile money service provider,2014,7.43861,Female,,%,,,,Total
Iraq,IQ,IRQ,368,Proportion of adolescents and adults (aged 15 years and older) with an account at a financial institution or mobile money service provider,2017,19.50482,Female,,%,,,,Total
Iraq,IQ,IRQ,368,Proportion of adolescents and adults (aged 15 years and older) with an account at a financial institution or mobile money service provider,2014,14.57006,Male,,%,,,,Total
Iraq,IQ,IRQ,368,Proportion of adolescents and adults (aged 15 years and older) with an account at a financial institution or mobile money service provider,2017,25.82157,Male,,%,,,,Total
Iraq,IQ,IRQ,368,Proportion of adolescents and adults (aged 15 years and older) with an account at a financial institution or mobile money service provider,2014,10.97235,Total,,%,,,,Total
Iraq,IQ,IRQ,368,Proportion of adolescents and adults (aged 15 years and older) with an account at a financial institution or mobile money service provider,2017,22.66515,Total,,%,,,,Total
Ireland,IE,IRL,372,Proportion of adolescents and adults (aged 15 years and older) with an account at a financial institution or mobile money service provider,2014,94.76854,Female,,%,,,,Total
Ireland,IE,IRL,372,Proportion of adolescents and adults (aged 15 years and older) with an account at a financial institution or mobile money service provider,2017,95.30704,Female,,%,,,,Total
Ireland,IE,IRL,372,Proportion of adolescents and adults (aged 15 years and older) with an account at a financial institution or mobile money service provider,2014,94.65115,Male,,%,,,,Total
Ireland,IE,IRL,372,Proportion of adolescents and adults (aged 15 years and older) with an account at a financial institution or mobile money service provider,2017,95.3754,Male,,%,,,,Total
Ireland,IE,IRL,372,Proportion of adolescents and adults (aged 15 years and older) with an account at a financial institution or mobile money service provider,2014,94.71014,Total,,%,,,,Total
Ireland,IE,IRL,372,Proportion of adolescents and adults (aged 15 years and older) with an account at a financial institution or mobile money service provider,2017,95.34045,Total,,%,,,,Total
Israel,IL,ISR,376,Proportion of adolescents and adults (aged 15 years and older) with an account at a financial institution or mobile money service provider,2014,90.01668,Female,,%,,,,Total
Israel,IL,ISR,376,Proportion of adolescents and adults (aged 15 years and older) with an account at a financial institution or mobile money service provider,2017,93.70039,Female,,%,,,,Total
Israel,IL,ISR,376,Proportion of adolescents and adults (aged 15 years and older) with an account at a financial institution or mobile money service provider,2014,89.88589,Male,,%,,,,Total
Israel,IL,ISR,376,Proportion of adolescents and adults (aged 15 years and older) with an account at a financial institution or mobile money service provider,2017,91.89485,Male,,%,,,,Total
Israel,IL,ISR,376,Proportion of adolescents and adults (aged 15 years and older) with an account at a financial institution or mobile money service provider,2014,89.95277,Total,,%,,,,Total
Israel,IL,ISR,376,Proportion of adolescents and adults (aged 15 years and older) with an account at a financial institution or mobile money service provider,2017,92.81496,Total,,%,,,,Total
Italy,IT,ITA,380,Proportion of adolescents and adults (aged 15 years and older) with an account at a financial institution or mobile money service provider,2014,83.15963,Female,,%,,,,Total
Italy,IT,ITA,380,Proportion of adolescents and adults (aged 15 years and older) with an account at a financial institution or mobile money service provider,2017,91.62444,Female,,%,,,,Total
Italy,IT,ITA,380,Proportion of adolescents and adults (aged 15 years and older) with an account at a financial institution or mobile money service provider,2014,91.86937,Male,,%,,,,Total
Italy,IT,ITA,380,Proportion of adolescents and adults (aged 15 years and older) with an account at a financial institution or mobile money service provider,2017,96.13545,Male,,%,,,,Total
Italy,IT,ITA,380,Proportion of adolescents and adults (aged 15 years and older) with an account at a financial institution or mobile money service provider,2014,87.33458,Total,,%,,,,Total
Italy,IT,ITA,380,Proportion of adolescents and adults (aged 15 years and older) with an account at a financial institution or mobile money service provider,2017,93.78502,Total,,%,,,,Total
Jamaica,JM,JAM,388,Proportion of adolescents and adults (aged 15 years and older) with an account at a financial institution or mobile money service provider,2014,77.76202,Female,,%,,,,Total
Jamaica,JM,JAM,388,Proportion of adolescents and adults (aged 15 years and older) with an account at a financial institution or mobile money service provider,2014,79.19644,Male,,%,,,,Total
Jamaica,JM,JAM,388,Proportion of adolescents and adults (aged 15 years and older) with an account at a financial institution or mobile money service provider,2014,78.45821,Total,,%,,,,Total
Japan,JP,JPN,392,Proportion of adolescents and adults (aged 15 years and older) with an account at a financial institution or mobile money service provider,2014,97.01545,Female,,%,,,,Total
Japan,JP,JPN,392,Proportion of adolescents and adults (aged 15 years and older) with an account at a financial institution or mobile money service provider,2017,98.06467,Female,,%,,,,Total
Japan,JP,JPN,392,Proportion of adolescents and adults (aged 15 years and older) with an account at a financial institution or mobile money service provider,2014,96.23654,Male,,%,,,,Total
Japan,JP,JPN,392,Proportion of adolescents and adults (aged 15 years and older) with an account at a financial institution or mobile money service provider,2017,98.45735,Male,,%,,,,Total
Japan,JP,JPN,392,Proportion of adolescents and adults (aged 15 years and older) with an account at a financial institution or mobile money service provider,2014,96.64558,Total,,%,,,,Total
Japan,JP,JPN,392,Proportion of adolescents and adults (aged 15 years and older) with an account at a financial institution or mobile money service provider,2017,98.24339,Total,,%,,,,Total
Kazakhstan,KZ,KAZ,398,Proportion of adolescents and adults (aged 15 years and older) with an account at a financial institution or mobile money service provider,2014,55.58548,Female,,%,,,,Total
Kazakhstan,KZ,KAZ,398,Proportion of adolescents and adults (aged 15 years and older) with an account at a financial institution or mobile money service provider,2017,60.28655,Female,,%,,,,Total
Kazakhstan,KZ,KAZ,398,Proportion of adolescents and adults (aged 15 years and older) with an account at a financial institution or mobile money service provider,2014,52.00246,Male,,%,,,,Total
Kazakhstan,KZ,KAZ,398,Proportion of adolescents and adults (aged 15 years and older) with an account at a financial institution or mobile money service provider,2017,56.89526,Male,,%,,,,Total
Kazakhstan,KZ,KAZ,398,Proportion of adolescents and adults (aged 15 years and older) with an account at a financial institution or mobile money service provider,2014,53.90742,Total,,%,,,,Total
Kazakhstan,KZ,KAZ,398,Proportion of adolescents and adults (aged 15 years and older) with an account at a financial institution or mobile money service provider,2017,58.69753,Total,,%,,,,Total
Kenya,KE,KEN,404,Proportion of adolescents and adults (aged 15 years and older) with an account at a financial institution or mobile money service provider,2014,71.13448,Female,,%,,,,Total
Kenya,KE,KEN,404,Proportion of adolescents and adults (aged 15 years and older) with an account at a financial institution or mobile money service provider,2017,77.74637,Female,,%,,,,Total
Kenya,KE,KEN,404,Proportion of adolescents and adults (aged 15 years and older) with an account at a financial institution or mobile money service provider,2014,78.6579,Male,,%,,,,Total
Kenya,KE,KEN,404,Proportion of adolescents and adults (aged 15 years and older) with an account at a financial institution or mobile money service provider,2017,85.8361,Male,,%,,,,Total
Kenya,KE,KEN,404,Proportion of adolescents and adults (aged 15 years and older) with an account at a financial institution or mobile money service provider,2014,74.65784,Total,,%,,,,Total
Kenya,KE,KEN,404,Proportion of adolescents and adults (aged 15 years and older) with an account at a financial institution or mobile money service provider,2017,81.56757,Total,,%,,,,Total
Kuwait,KW,KWT,414,Proportion of adolescents and adults (aged 15 years and older) with an account at a financial institution or mobile money service provider,2014,63.99582,Female,,%,,,,Total
Kuwait,KW,KWT,414,Proportion of adolescents and adults (aged 15 years and older) with an account at a financial institution or mobile money service provider,2017,73.46301,Female,,%,,,,Total
Kuwait,KW,KWT,414,Proportion of adolescents and adults (aged 15 years and older) with an account at a financial institution or mobile money service provider,2014,79.29922,Male,,%,,,,Total
Kuwait,KW,KWT,414,Proportion of adolescents and adults (aged 15 years and older) with an account at a financial institution or mobile money service provider,2017,83.30652,Male,,%,,,,Total
Kuwait,KW,KWT,414,Proportion of adolescents and adults (aged 15 years and older) with an account at a financial institution or mobile money service provider,2014,72.90818,Total,,%,,,,Total
Kuwait,KW,KWT,414,Proportion of adolescents and adults (aged 15 years and older) with an account at a financial institution or mobile money service provider,2017,79.84016,Total,,%,,,,Total
Lesotho,LS,LSO,426,Proportion of adolescents and adults (aged 15 years and older) with an account at a financial institution or mobile money service provider,2017,46.46006,Female,,%,,,,Total
Lesotho,LS,LSO,426,Proportion of adolescents and adults (aged 15 years and older) with an account at a financial institution or mobile money service provider,2017,44.60418,Male,,%,,,,Total
Lesotho,LS,LSO,426,Proportion of adolescents and adults (aged 15 years and older) with an account at a financial institution or mobile money service provider,2017,45.56382,Total,,%,,,,Total
Lithuania,LT,LTU,440,Proportion of adolescents and adults (aged 15 years and older) with an account at a financial institution or mobile money service provider,2014,77.87804,Female,,%,,,,Total
Lithuania,LT,LTU,440,Proportion of adolescents and adults (aged 15 years and older) with an account at a financial institution or mobile money service provider,2017,81.01387,Female,,%,,,,Total
Lithuania,LT,LTU,440,Proportion of adolescents and adults (aged 15 years and older) with an account at a financial institution or mobile money service provider,2014,77.94071,Male,,%,,,,Total
Lithuania,LT,LTU,440,Proportion of adolescents and adults (aged 15 years and older) with an account at a financial institution or mobile money service provider,2017,85.12189,Male,,%,,,,Total
Lithuania,LT,LTU,440,Proportion of adolescents and adults (aged 15 years and older) with an account at a financial institution or mobile money service provider,2014,77.90629,Total,,%,,,,Total
Lithuania,LT,LTU,440,Proportion of adolescents and adults (aged 15 years and older) with an account at a financial institution or mobile money service provider,2017,82.88385,Total,,%,,,,Total
Malaysia,MY,MYS,458,Proportion of adolescents and adults (aged 15 years and older) with an account at a financial institution or mobile money service provider,2014,78.0913,Female,,%,,,,Total
Malaysia,MY,MYS,458,Proportion of adolescents and adults (aged 15 years and older) with an account at a financial institution or mobile money service provider,2017,82.47854,Female,,%,,,,Total
Malaysia,MY,MYS,458,Proportion of adolescents and adults (aged 15 years and older) with an account at a financial institution or mobile money service provider,2014,83.01298,Male,,%,,,,Total
Malaysia,MY,MYS,458,Proportion of adolescents and adults (aged 15 years and older) with an account at a financial institution or mobile money service provider,2017,87.91629,Male,,%,,,,Total
Malaysia,MY,MYS,458,Proportion of adolescents and adults (aged 15 years and older) with an account at a financial institution or mobile money service provider,2014,80.67462,Total,,%,,,,Total
Malaysia,MY,MYS,458,Proportion of adolescents and adults (aged 15 years and older) with an account at a financial institution or mobile money service provider,2017,85.34375,Total,,%,,,,Total
Mauritius,MU,MUS,480,Proportion of adolescents and adults (aged 15 years and older) with an account at a financial institution or mobile money service provider,2014,79.9985,Female,,%,,,,Total
Mauritius,MU,MUS,480,Proportion of adolescents and adults (aged 15 years and older) with an account at a financial institution or mobile money service provider,2017,87.11295,Female,,%,,,,Total
Mauritius,MU,MUS,480,Proportion of adolescents and adults (aged 15 years and older) with an account at a financial institution or mobile money service provider,2014,84.58604,Male,,%,,,,Total
Mauritius,MU,MUS,480,Proportion of adolescents and adults (aged 15 years and older) with an account at a financial institution or mobile money service provider,2017,92.70597,Male,,%,,,,Total
Mauritius,MU,MUS,480,Proportion of adolescents and adults (aged 15 years and older) with an account at a financial institution or mobile money service provider,2014,82.20827,Total,,%,,,,Total
Mauritius,MU,MUS,480,Proportion of adolescents and adults (aged 15 years and older) with an account at a financial institution or mobile money service provider,2017,89.84253,Total,,%,,,,Total
Mexico,MX,MEX,484,Proportion of adolescents and adults (aged 15 years and older) with an account at a financial institution or mobile money service provider,2014,38.89819,Female,,%,,,,Total
Mexico,MX,MEX,484,Proportion of adolescents and adults (aged 15 years and older) with an account at a financial institution or mobile money service provider,2017,33.28748,Female,,%,,,,Total
Mexico,MX,MEX,484,Proportion of adolescents and adults (aged 15 years and older) with an account at a financial institution or mobile money service provider,2014,39.40008,Male,,%,,,,Total
Mexico,MX,MEX,484,Proportion of adolescents and adults (aged 15 years and older) with an account at a financial institution or mobile money service provider,2017,41.09883,Male,,%,,,,Total
Mexico,MX,MEX,484,Proportion of adolescents and adults (aged 15 years and older) with an account at a financial institution or mobile money service provider,2014,39.14085,Total,,%,,,,Total
Mexico,MX,MEX,484,Proportion of adolescents and adults (aged 15 years and older) with an account at a financial institution or mobile money service provider,2017,36.93192,Total,,%,,,,Total
Mongolia,MN,MNG,496,Proportion of adolescents and adults (aged 15 years and older) with an account at a financial institution or mobile money service provider,2014,93.20621,Female,,%,,,,Total
Mongolia,MN,MNG,496,Proportion of adolescents and adults (aged 15 years and older) with an account at a financial institution or mobile money service provider,2017,94.9538,Female,,%,,,,Total
Mongolia,MN,MNG,496,Proportion of adolescents and adults (aged 15 years and older) with an account at a financial institution or mobile money service provider,2014,90.29777,Male,,%,,,,Total
Mongolia,MN,MNG,496,Proportion of adolescents and adults (aged 15 years and older) with an account at a financial institution or mobile money service provider,2017,90.81245,Male,,%,,,,Total
Mongolia,MN,MNG,496,Proportion of adolescents and adults (aged 15 years and older) with an account at a financial institution or mobile money service provider,2014,91.82178,Total,,%,,,,Total
Mongolia,MN,MNG,496,Proportion of adolescents and adults (aged 15 years and older) with an account at a financial institution or mobile money service provider,2017,92.97117,Total,,%,,,,Total
Morocco,MA,MAR,504,Proportion of adolescents and adults (aged 15 years and older) with an account at a financial institution or mobile money service provider,2017,16.80645,Female,,%,,,,Total
Morocco,MA,MAR,504,Proportion of adolescents and adults (aged 15 years and older) with an account at a financial institution or mobile money service provider,2017,41.46955,Male,,%,,,,Total
Morocco,MA,MAR,504,Proportion of adolescents and adults (aged 15 years and older) with an account at a financial institution or mobile money service provider,2017,28.64446,Total,,%,,,,Total
Mozambique,MZ,MOZ,508,Proportion of adolescents and adults (aged 15 years and older) with an account at a financial institution or mobile money service provider,2017,32.87395,Female,,%,,,,Total
Mozambique,MZ,MOZ,508,Proportion of adolescents and adults (aged 15 years and older) with an account at a financial institution or mobile money service provider,2017,51.06656,Male,,%,,,,Total
Mozambique,MZ,MOZ,508,Proportion of adolescents and adults (aged 15 years and older) with an account at a financial institution or mobile money service provider,2017,41.6701,Total,,%,,,,Total
Myanmar,MM,MMR,104,Proportion of adolescents and adults (aged 15 years and older) with an account at a financial institution or mobile money service provider,2014,17.40022,Female,,%,,,,Total
Burma,MM,MMR,104,Proportion of adolescents and adults (aged 15 years and older) with an account at a financial institution or mobile money service provider,2014,17.40022,Female,,%,,,,Total
Myanmar,MM,MMR,104,Proportion of adolescents and adults (aged 15 years and older) with an account at a financial institution or mobile money service provider,2017,25.97871,Female,,%,,,,Total
Burma,MM,MMR,104,Proportion of adolescents and adults (aged 15 years and older) with an account at a financial institution or mobile money service provider,2017,25.97871,Female,,%,,,,Total
Myanmar,MM,MMR,104,Proportion of adolescents and adults (aged 15 years and older) with an account at a financial institution or mobile money service provider,2014,28.59667,Male,,%,,,,Total
Burma,MM,MMR,104,Proportion of adolescents and adults (aged 15 years and older) with an account at a financial institution or mobile money service provider,2014,28.59667,Male,,%,,,,Total
Myanmar,MM,MMR,104,Proportion of adolescents and adults (aged 15 years and older) with an account at a financial institution or mobile money service provider,2017,26.00771,Male,,%,,,,Total
Burma,MM,MMR,104,Proportion of adolescents and adults (aged 15 years and older) with an account at a financial institution or mobile money service provider,2017,26.00771,Male,,%,,,,Total
Myanmar,MM,MMR,104,Proportion of adolescents and adults (aged 15 years and older) with an account at a financial institution or mobile money service provider,2014,22.78419,Total,,%,,,,Total
Burma,MM,MMR,104,Proportion of adolescents and adults (aged 15 years and older) with an account at a financial institution or mobile money service provider,2014,22.78419,Total,,%,,,,Total
Myanmar,MM,MMR,104,Proportion of adolescents and adults (aged 15 years and older) with an account at a financial institution or mobile money service provider,2017,25.9923,Total,,%,,,,Total
Burma,MM,MMR,104,Proportion of adolescents and adults (aged 15 years and older) with an account at a financial institution or mobile money service provider,2017,25.9923,Total,,%,,,,Total
Netherlands,NL,NLD,528,Proportion of adolescents and adults (aged 15 years and older) with an account at a financial institution or mobile money service provider,2014,99.17636,Female,,%,,,,Total
Netherlands,NL,NLD,528,Proportion of adolescents and adults (aged 15 years and older) with an account at a financial institution or mobile money service provider,2017,99.8327,Female,,%,,,,Total
Netherlands,NL,NLD,528,Proportion of adolescents and adults (aged 15 years and older) with an account at a financial institution or mobile money service provider,2014,99.41924,Male,,%,,,,Total
Netherlands,NL,NLD,528,Proportion of adolescents and adults (aged 15 years and older) with an account at a financial institution or mobile money service provider,2017,99.4387,Male,,%,,,,Total
Netherlands,NL,NLD,528,Proportion of adolescents and adults (aged 15 years and older) with an account at a financial institution or mobile money service provider,2014,99.2956,Total,,%,,,,Total
Netherlands,NL,NLD,528,Proportion of adolescents and adults (aged 15 years and older) with an account at a financial institution or mobile money service provider,2017,99.63762,Total,,%,,,,Total
Niger,NE,NER,562,Proportion of adolescents and adults (aged 15 years and older) with an account at a financial institution or mobile money service provider,2014,4.31367,Female,,%,,,,Total
Niger,NE,NER,562,Proportion of adolescents and adults (aged 15 years and older) with an account at a financial institution or mobile money service provider,2017,10.91005,Female,,%,,,,Total
Niger,NE,NER,562,Proportion of adolescents and adults (aged 15 years and older) with an account at a financial institution or mobile money service provider,2014,9.05681,Male,,%,,,,Total
Niger,NE,NER,562,Proportion of adolescents and adults (aged 15 years and older) with an account at a financial institution or mobile money service provider,2017,19.94246,Male,,%,,,,Total
Niger,NE,NER,562,Proportion of adolescents and adults (aged 15 years and older) with an account at a financial institution or mobile money service provider,2014,6.70659,Total,,%,,,,Total
Niger,NE,NER,562,Proportion of adolescents and adults (aged 15 years and older) with an account at a financial institution or mobile money service provider,2017,15.52324,Total,,%,,,,Total
Nigeria,NG,NGA,566,Proportion of adolescents and adults (aged 15 years and older) with an account at a financial institution or mobile money service provider,2014,34.0224,Female,,%,,,,Total
Nigeria,NG,NGA,566,Proportion of adolescents and adults (aged 15 years and older) with an account at a financial institution or mobile money service provider,2017,27.27668,Female,,%,,,,Total
Nigeria,NG,NGA,566,Proportion of adolescents and adults (aged 15 years and older) with an account at a financial institution or mobile money service provider,2014,54.36248,Male,,%,,,,Total
Nigeria,NG,NGA,566,Proportion of adolescents and adults (aged 15 years and older) with an account at a financial institution or mobile money service provider,2017,51.40734,Male,,%,,,,Total
Nigeria,NG,NGA,566,Proportion of adolescents and adults (aged 15 years and older) with an account at a financial institution or mobile money service provider,2014,44.44199,Total,,%,,,,Total
Nigeria,NG,NGA,566,Proportion of adolescents and adults (aged 15 years and older) with an account at a financial institution or mobile money service provider,2017,39.66686,Total,,%,,,,Total
Norway,NO,NOR,578,Proportion of adolescents and adults (aged 15 years and older) with an account at a financial institution or mobile money service provider,2014,100,Female,,%,,,,Total
Norway,NO,NOR,578,Proportion of adolescents and adults (aged 15 years and older) with an account at a financial institution or mobile money service provider,2017,100,Female,,%,,,,Total
Norway,NO,NOR,578,Proportion of adolescents and adults (aged 15 years and older) with an account at a financial institution or mobile money service provider,2014,100,Male,,%,,,,Total
Norway,NO,NOR,578,Proportion of adolescents and adults (aged 15 years and older) with an account at a financial institution or mobile money service provider,2017,99.49265,Male,,%,,,,Total
Norway,NO,NOR,578,Proportion of adolescents and adults (aged 15 years and older) with an account at a financial institution or mobile money service provider,2014,100,Total,,%,,,,Total
Norway,NO,NOR,578,Proportion of adolescents and adults (aged 15 years and older) with an account at a financial institution or mobile money service provider,2017,99.74514,Total,,%,,,,Total
Pakistan,PK,PAK,586,Proportion of adolescents and adults (aged 15 years and older) with an account at a financial institution or mobile money service provider,2014,4.84375,Female,,%,,,,Total
Pakistan,PK,PAK,586,Proportion of adolescents and adults (aged 15 years and older) with an account at a financial institution or mobile money service provider,2017,7.02506,Female,,%,,,,Total
Pakistan,PK,PAK,586,Proportion of adolescents and adults (aged 15 years and older) with an account at a financial institution or mobile money service provider,2014,20.97236,Male,,%,,,,Total
Pakistan,PK,PAK,586,Proportion of adolescents and adults (aged 15 years and older) with an account at a financial institution or mobile money service provider,2017,34.60766,Male,,%,,,,Total
Pakistan,PK,PAK,586,Proportion of adolescents and adults (aged 15 years and older) with an account at a financial institution or mobile money service provider,2014,13.03619,Total,,%,,,,Total
Pakistan,PK,PAK,586,Proportion of adolescents and adults (aged 15 years and older) with an account at a financial institution or mobile money service provider,2017,21.29325,Total,,%,,,,Total
Peru,PE,PER,604,Proportion of adolescents and adults (aged 15 years and older) with an account at a financial institution or mobile money service provider,2014,22.49697,Female,,%,,,,Total
Peru,PE,PER,604,Proportion of adolescents and adults (aged 15 years and older) with an account at a financial institution or mobile money service provider,2017,34.43521,Female,,%,,,,Total
Peru,PE,PER,604,Proportion of adolescents and adults (aged 15 years and older) with an account at a financial institution or mobile money service provider,2014,35.65865,Male,,%,,,,Total
Peru,PE,PER,604,Proportion of adolescents and adults (aged 15 years and older) with an account at a financial institution or mobile money service provider,2017,50.97298,Male,,%,,,,Total
Peru,PE,PER,604,Proportion of adolescents and adults (aged 15 years and older) with an account at a financial institution or mobile money service provider,2014,28.97523,Total,,%,,,,Total
Peru,PE,PER,604,Proportion of adolescents and adults (aged 15 years and older) with an account at a financial institution or mobile money service provider,2017,42.60318,Total,,%,,,,Total
Philippines,PH,PHL,608,Proportion of adolescents and adults (aged 15 years and older) with an account at a financial institution or mobile money service provider,2014,37.8503,Female,,%,,,,Total
Philippines,PH,PHL,608,Proportion of adolescents and adults (aged 15 years and older) with an account at a financial institution or mobile money service provider,2017,38.85416,Female,,%,,,,Total
Philippines,PH,PHL,608,Proportion of adolescents and adults (aged 15 years and older) with an account at a financial institution or mobile money service provider,2014,24.40195,Male,,%,,,,Total
Philippines,PH,PHL,608,Proportion of adolescents and adults (aged 15 years and older) with an account at a financial institution or mobile money service provider,2017,30.0197,Male,,%,,,,Total
Philippines,PH,PHL,608,Proportion of adolescents and adults (aged 15 years and older) with an account at a financial institution or mobile money service provider,2014,31.28584,Total,,%,,,,Total
Philippines,PH,PHL,608,Proportion of adolescents and adults (aged 15 years and older) with an account at a financial institution or mobile money service provider,2017,34.49841,Total,,%,,,,Total
"Korea, Republic of",KR,KOR,410,Proportion of adolescents and adults (aged 15 years and older) with an account at a financial institution or mobile money service provider,2014,93.38002,Female,,%,,,,Total
South Korea,KR,KOR,410,Proportion of adolescents and adults (aged 15 years and older) with an account at a financial institution or mobile money service provider,2014,93.38002,Female,,%,,,,Total
"Korea, Republic of",KR,KOR,410,Proportion of adolescents and adults (aged 15 years and older) with an account at a financial institution or mobile money service provider,2017,94.68531,Female,,%,,,,Total
South Korea,KR,KOR,410,Proportion of adolescents and adults (aged 15 years and older) with an account at a financial institution or mobile money service provider,2017,94.68531,Female,,%,,,,Total
"Korea, Republic of",KR,KOR,410,Proportion of adolescents and adults (aged 15 years and older) with an account at a financial institution or mobile money service provider,2014,95.39126,Male,,%,,,,Total
South Korea,KR,KOR,410,Proportion of adolescents and adults (aged 15 years and older) with an account at a financial institution or mobile money service provider,2014,95.39126,Male,,%,,,,Total
"Korea, Republic of",KR,KOR,410,Proportion of adolescents and adults (aged 15 years and older) with an account at a financial institution or mobile money service provider,2017,95.0179,Male,,%,,,,Total
South Korea,KR,KOR,410,Proportion of adolescents and adults (aged 15 years and older) with an account at a financial institution or mobile money service provider,2017,95.0179,Male,,%,,,,Total
"Korea, Republic of",KR,KOR,410,Proportion of adolescents and adults (aged 15 years and older) with an account at a financial institution or mobile money service provider,2014,94.36082,Total,,%,,,,Total
South Korea,KR,KOR,410,Proportion of adolescents and adults (aged 15 years and older) with an account at a financial institution or mobile money service provider,2014,94.36082,Total,,%,,,,Total
"Korea, Republic of",KR,KOR,410,Proportion of adolescents and adults (aged 15 years and older) with an account at a financial institution or mobile money service provider,2017,94.85101,Total,,%,,,,Total
South Korea,KR,KOR,410,Proportion of adolescents and adults (aged 15 years and older) with an account at a financial institution or mobile money service provider,2017,94.85101,Total,,%,,,,Total
"Moldova, Republic of",MD,MDA,498,Proportion of adolescents and adults (aged 15 years and older) with an account at a financial institution or mobile money service provider,2014,18.97572,Female,,%,,,,Total
"Moldova, Republic of",MD,MDA,498,Proportion of adolescents and adults (aged 15 years and older) with an account at a financial institution or mobile money service provider,2017,44.55145,Female,,%,,,,Total
"Moldova, Republic of",MD,MDA,498,Proportion of adolescents and adults (aged 15 years and older) with an account at a financial institution or mobile money service provider,2014,16.39936,Male,,%,,,,Total
"Moldova, Republic of",MD,MDA,498,Proportion of adolescents and adults (aged 15 years and older) with an account at a financial institution or mobile money service provider,2017,42.9408,Male,,%,,,,Total
"Moldova, Republic of",MD,MDA,498,Proportion of adolescents and adults (aged 15 years and older) with an account at a financial institution or mobile money service provider,2014,17.75575,Total,,%,,,,Total
"Moldova, Republic of",MD,MDA,498,Proportion of adolescents and adults (aged 15 years and older) with an account at a financial institution or mobile money service provider,2017,43.78565,Total,,%,,,,Total
Romania,RO,ROU,642,Proportion of adolescents and adults (aged 15 years and older) with an account at a financial institution or mobile money service provider,2014,56.86905,Female,,%,,,,Total
Romania,RO,ROU,642,Proportion of adolescents and adults (aged 15 years and older) with an account at a financial institution or mobile money service provider,2017,53.59092,Female,,%,,,,Total
Romania,RO,ROU,642,Proportion of adolescents and adults (aged 15 years and older) with an account at a financial institution or mobile money service provider,2014,65.15222,Male,,%,,,,Total
Romania,RO,ROU,642,Proportion of adolescents and adults (aged 15 years and older) with an account at a financial institution or mobile money service provider,2017,62.39824,Male,,%,,,,Total
Romania,RO,ROU,642,Proportion of adolescents and adults (aged 15 years and older) with an account at a financial institution or mobile money service provider,2014,60.83715,Total,,%,,,,Total
Romania,RO,ROU,642,Proportion of adolescents and adults (aged 15 years and older) with an account at a financial institution or mobile money service provider,2017,57.7518,Total,,%,,,,Total
Russian Federation,RU,RUS,643,Proportion of adolescents and adults (aged 15 years and older) with an account at a financial institution or mobile money service provider,2014,70.19266,Female,,%,,,,Total
Russia,RU,RUS,643,Proportion of adolescents and adults (aged 15 years and older) with an account at a financial institution or mobile money service provider,2014,70.19266,Female,,%,,,,Total
Russian Federation,RU,RUS,643,Proportion of adolescents and adults (aged 15 years and older) with an account at a financial institution or mobile money service provider,2017,76.13137,Female,,%,,,,Total
Russia,RU,RUS,643,Proportion of adolescents and adults (aged 15 years and older) with an account at a financial institution or mobile money service provider,2017,76.13137,Female,,%,,,,Total
Russian Federation,RU,RUS,643,Proportion of adolescents and adults (aged 15 years and older) with an account at a financial institution or mobile money service provider,2014,63.79952,Male,,%,,,,Total
Russia,RU,RUS,643,Proportion of adolescents and adults (aged 15 years and older) with an account at a financial institution or mobile money service provider,2014,63.79952,Male,,%,,,,Total
Russian Federation,RU,RUS,643,Proportion of adolescents and adults (aged 15 years and older) with an account at a financial institution or mobile money service provider,2017,75.30353,Male,,%,,,,Total
Russia,RU,RUS,643,Proportion of adolescents and adults (aged 15 years and older) with an account at a financial institution or mobile money service provider,2017,75.30353,Male,,%,,,,Total
Russian Federation,RU,RUS,643,Proportion of adolescents and adults (aged 15 years and older) with an account at a financial institution or mobile money service provider,2014,67.38309,Total,,%,,,,Total
Russia,RU,RUS,643,Proportion of adolescents and adults (aged 15 years and older) with an account at a financial institution or mobile money service provider,2014,67.38309,Total,,%,,,,Total
Russian Federation,RU,RUS,643,Proportion of adolescents and adults (aged 15 years and older) with an account at a financial institution or mobile money service provider,2017,75.75889,Total,,%,,,,Total
Russia,RU,RUS,643,Proportion of adolescents and adults (aged 15 years and older) with an account at a financial institution or mobile money service provider,2017,75.75889,Total,,%,,,,Total
Saudi Arabia,SA,SAU,682,Proportion of adolescents and adults (aged 15 years and older) with an account at a financial institution or mobile money service provider,2014,61.14962,Female,,%,,,,Total
Saudi Arabia,SA,SAU,682,Proportion of adolescents and adults (aged 15 years and older) with an account at a financial institution or mobile money service provider,2017,58.1701,Female,,%,,,,Total
Saudi Arabia,SA,SAU,682,Proportion of adolescents and adults (aged 15 years and older) with an account at a financial institution or mobile money service provider,2014,75.32588,Male,,%,,,,Total
Saudi Arabia,SA,SAU,682,Proportion of adolescents and adults (aged 15 years and older) with an account at a financial institution or mobile money service provider,2017,80.53699,Male,,%,,,,Total
Saudi Arabia,SA,SAU,682,Proportion of adolescents and adults (aged 15 years and older) with an account at a financial institution or mobile money service provider,2014,69.40958,Total,,%,,,,Total
Saudi Arabia,SA,SAU,682,Proportion of adolescents and adults (aged 15 years and older) with an account at a financial institution or mobile money service provider,2017,71.69812,Total,,%,,,,Total
Serbia,RS,SRB,688,Proportion of adolescents and adults (aged 15 years and older) with an account at a financial institution or mobile money service provider,2014,82.9674,Female,,%,,,,Total
Serbia,RS,SRB,688,Proportion of adolescents and adults (aged 15 years and older) with an account at a financial institution or mobile money service provider,2017,70.12701,Female,,%,,,,Total
Serbia,RS,SRB,688,Proportion of adolescents and adults (aged 15 years and older) with an account at a financial institution or mobile money service provider,2014,83.22865,Male,,%,,,,Total
Serbia,RS,SRB,688,Proportion of adolescents and adults (aged 15 years and older) with an account at a financial institution or mobile money service provider,2017,72.87623,Male,,%,,,,Total
Serbia,RS,SRB,688,Proportion of adolescents and adults (aged 15 years and older) with an account at a financial institution or mobile money service provider,2014,83.09234,Total,,%,,,,Total
Serbia,RS,SRB,688,Proportion of adolescents and adults (aged 15 years and older) with an account at a financial institution or mobile money service provider,2017,71.44105,Total,,%,,,,Total
Singapore,SG,SGP,702,Proportion of adolescents and adults (aged 15 years and older) with an account at a financial institution or mobile money service provider,2014,96.07212,Female,,%,,,,Total
Singapore,SG,SGP,702,Proportion of adolescents and adults (aged 15 years and older) with an account at a financial institution or mobile money service provider,2017,96.31293,Female,,%,,,,Total
Singapore,SG,SGP,702,Proportion of adolescents and adults (aged 15 years and older) with an account at a financial institution or mobile money service provider,2014,96.64381,Male,,%,,,,Total
Singapore,SG,SGP,702,Proportion of adolescents and adults (aged 15 years and older) with an account at a financial institution or mobile money service provider,2017,99.68266,Male,,%,,,,Total
Singapore,SG,SGP,702,Proportion of adolescents and adults (aged 15 years and older) with an account at a financial institution or mobile money service provider,2014,96.3526,Total,,%,,,,Total
Singapore,SG,SGP,702,Proportion of adolescents and adults (aged 15 years and older) with an account at a financial institution or mobile money service provider,2017,97.93117,Total,,%,,,,Total
Slovakia,SK,SVK,703,Proportion of adolescents and adults (aged 15 years and older) with an account at a financial institution or mobile money service provider,2014,79.97284,Female,,%,,,,Total
Slovakia,SK,SVK,703,Proportion of adolescents and adults (aged 15 years and older) with an account at a financial institution or mobile money service provider,2017,83.13399,Female,,%,,,,Total
Slovakia,SK,SVK,703,Proportion of adolescents and adults (aged 15 years and older) with an account at a financial institution or mobile money service provider,2014,74.28571,Male,,%,,,,Total
Slovakia,SK,SVK,703,Proportion of adolescents and adults (aged 15 years and older) with an account at a financial institution or mobile money service provider,2017,85.32002,Male,,%,,,,Total
Slovakia,SK,SVK,703,Proportion of adolescents and adults (aged 15 years and older) with an account at a financial institution or mobile money service provider,2014,77.24139,Total,,%,,,,Total
Slovakia,SK,SVK,703,Proportion of adolescents and adults (aged 15 years and older) with an account at a financial institution or mobile money service provider,2017,84.18159,Total,,%,,,,Total
Slovenia,SI,SVN,705,Proportion of adolescents and adults (aged 15 years and older) with an account at a financial institution or mobile money service provider,2014,96.97778,Female,,%,,,,Total
Slovenia,SI,SVN,705,Proportion of adolescents and adults (aged 15 years and older) with an account at a financial institution or mobile money service provider,2017,96.93921,Female,,%,,,,Total
Slovenia,SI,SVN,705,Proportion of adolescents and adults (aged 15 years and older) with an account at a financial institution or mobile money service provider,2014,97.52731,Male,,%,,,,Total
Slovenia,SI,SVN,705,Proportion of adolescents and adults (aged 15 years and older) with an account at a financial institution or mobile money service provider,2017,98.15512,Male,,%,,,,Total
Slovenia,SI,SVN,705,Proportion of adolescents and adults (aged 15 years and older) with an account at a financial institution or mobile money service provider,2014,97.24451,Total,,%,,,,Total
Slovenia,SI,SVN,705,Proportion of adolescents and adults (aged 15 years and older) with an account at a financial institution or mobile money service provider,2017,97.5334,Total,,%,,,,Total
South Africa,ZA,ZAF,710,Proportion of adolescents and adults (aged 15 years and older) with an account at a financial institution or mobile money service provider,2014,70.36218,Female,,%,,,,Total
South Africa,ZA,ZAF,710,Proportion of adolescents and adults (aged 15 years and older) with an account at a financial institution or mobile money service provider,2017,69.98981,Female,,%,,,,Total
South Africa,ZA,ZAF,710,Proportion of adolescents and adults (aged 15 years and older) with an account at a financial institution or mobile money service provider,2014,70.26761,Male,,%,,,,Total
South Africa,ZA,ZAF,710,Proportion of adolescents and adults (aged 15 years and older) with an account at a financial institution or mobile money service provider,2017,68.39532,Male,,%,,,,Total
South Africa,ZA,ZAF,710,Proportion of adolescents and adults (aged 15 years and older) with an account at a financial institution or mobile money service provider,2014,70.31745,Total,,%,,,,Total
South Africa,ZA,ZAF,710,Proportion of adolescents and adults (aged 15 years and older) with an account at a financial institution or mobile money service provider,2017,69.21849,Total,,%,,,,Total
Spain,ES,ESP,724,Proportion of adolescents and adults (aged 15 years and older) with an account at a financial institution or mobile money service provider,2014,97.56838,Female,,%,,,,Total
Spain,ES,ESP,724,Proportion of adolescents and adults (aged 15 years and older) with an account at a financial institution or mobile money service provider,2017,91.64125,Female,,%,,,,Total
Spain,ES,ESP,724,Proportion of adolescents and adults (aged 15 years and older) with an account at a financial institution or mobile money service provider,2014,97.58232,Male,,%,,,,Total
Spain,ES,ESP,724,Proportion of adolescents and adults (aged 15 years and older) with an account at a financial institution or mobile money service provider,2017,95.88104,Male,,%,,,,Total
Spain,ES,ESP,724,Proportion of adolescents and adults (aged 15 years and older) with an account at a financial institution or mobile money service provider,2014,97.57531,Total,,%,,,,Total
Spain,ES,ESP,724,Proportion of adolescents and adults (aged 15 years and older) with an account at a financial institution or mobile money service provider,2017,93.75571,Total,,%,,,,Total
"Palestinian Territory, Occupied",PS,PSE,275,Proportion of adolescents and adults (aged 15 years and older) with an account at a financial institution or mobile money service provider,2014,21.21486,Female,,%,,,,Total
"Palestinian Territory, Occupied",PS,PSE,275,Proportion of adolescents and adults (aged 15 years and older) with an account at a financial institution or mobile money service provider,2017,15.91077,Female,,%,,,,Total
"Palestinian Territory, Occupied",PS,PSE,275,Proportion of adolescents and adults (aged 15 years and older) with an account at a financial institution or mobile money service provider,2014,27.33755,Male,,%,,,,Total
"Palestinian Territory, Occupied",PS,PSE,275,Proportion of adolescents and adults (aged 15 years and older) with an account at a financial institution or mobile money service provider,2017,34.436,Male,,%,,,,Total
"Palestinian Territory, Occupied",PS,PSE,275,Proportion of adolescents and adults (aged 15 years and older) with an account at a financial institution or mobile money service provider,2014,24.24381,Total,,%,,,,Total
"Palestinian Territory, Occupied",PS,PSE,275,Proportion of adolescents and adults (aged 15 years and older) with an account at a financial institution or mobile money service provider,2017,25.02218,Total,,%,,,,Total
Sudan,SD,SDN,736,Proportion of adolescents and adults (aged 15 years and older) with an account at a financial institution or mobile money service provider,2014,9.98316,Female,,%,,,,Total
Sudan,SD,SDN,736,Proportion of adolescents and adults (aged 15 years and older) with an account at a financial institution or mobile money service provider,2014,20.22383,Male,,%,,,,Total
Sudan,SD,SDN,736,Proportion of adolescents and adults (aged 15 years and older) with an account at a financial institution or mobile money service provider,2014,15.26843,Total,,%,,,,Total
Thailand,TH,THA,764,Proportion of adolescents and adults (aged 15 years and older) with an account at a financial institution or mobile money service provider,2014,75.44029,Female,,%,,,,Total
Thailand,TH,THA,764,Proportion of adolescents and adults (aged 15 years and older) with an account at a financial institution or mobile money service provider,2017,79.78011,Female,,%,,,,Total
Thailand,TH,THA,764,Proportion of adolescents and adults (aged 15 years and older) with an account at a financial institution or mobile money service provider,2014,81.24292,Male,,%,,,,Total
Thailand,TH,THA,764,Proportion of adolescents and adults (aged 15 years and older) with an account at a financial institution or mobile money service provider,2017,83.69138,Male,,%,,,,Total
Thailand,TH,THA,764,Proportion of adolescents and adults (aged 15 years and older) with an account at a financial institution or mobile money service provider,2014,78.13655,Total,,%,,,,Total
Thailand,TH,THA,764,Proportion of adolescents and adults (aged 15 years and older) with an account at a financial institution or mobile money service provider,2017,81.594,Total,,%,,,,Total
Togo,TG,TGO,768,Proportion of adolescents and adults (aged 15 years and older) with an account at a financial institution or mobile money service provider,2014,15.11258,Female,,%,,,,Total
Togo,TG,TGO,768,Proportion of adolescents and adults (aged 15 years and older) with an account at a financial institution or mobile money service provider,2017,37.59315,Female,,%,,,,Total
Togo,TG,TGO,768,Proportion of adolescents and adults (aged 15 years and older) with an account at a financial institution or mobile money service provider,2014,21.49432,Male,,%,,,,Total
Togo,TG,TGO,768,Proportion of adolescents and adults (aged 15 years and older) with an account at a financial institution or mobile money service provider,2017,53.0494,Male,,%,,,,Total
Togo,TG,TGO,768,Proportion of adolescents and adults (aged 15 years and older) with an account at a financial institution or mobile money service provider,2014,18.25146,Total,,%,,,,Total
Togo,TG,TGO,768,Proportion of adolescents and adults (aged 15 years and older) with an account at a financial institution or mobile money service provider,2017,45.28935,Total,,%,,,,Total
Tunisia,TN,TUN,788,Proportion of adolescents and adults (aged 15 years and older) with an account at a financial institution or mobile money service provider,2014,20.70147,Female,,%,,,,Total
Tunisia,TN,TUN,788,Proportion of adolescents and adults (aged 15 years and older) with an account at a financial institution or mobile money service provider,2017,28.36344,Female,,%,,,,Total
Tunisia,TN,TUN,788,Proportion of adolescents and adults (aged 15 years and older) with an account at a financial institution or mobile money service provider,2014,34.24934,Male,,%,,,,Total
Tunisia,TN,TUN,788,Proportion of adolescents and adults (aged 15 years and older) with an account at a financial institution or mobile money service provider,2017,45.73113,Male,,%,,,,Total
Tunisia,TN,TUN,788,Proportion of adolescents and adults (aged 15 years and older) with an account at a financial institution or mobile money service provider,2014,27.43231,Total,,%,,,,Total
Tunisia,TN,TUN,788,Proportion of adolescents and adults (aged 15 years and older) with an account at a financial institution or mobile money service provider,2017,36.90657,Total,,%,,,,Total
Ukraine,UA,UKR,804,Proportion of adolescents and adults (aged 15 years and older) with an account at a financial institution or mobile money service provider,2014,51.68565,Female,,%,,,,Total
Ukraine,UA,UKR,804,Proportion of adolescents and adults (aged 15 years and older) with an account at a financial institution or mobile money service provider,2017,61.32117,Female,,%,,,,Total
Ukraine,UA,UKR,804,Proportion of adolescents and adults (aged 15 years and older) with an account at a financial institution or mobile money service provider,2014,54.01789,Male,,%,,,,Total
Ukraine,UA,UKR,804,Proportion of adolescents and adults (aged 15 years and older) with an account at a financial institution or mobile money service provider,2017,65.02908,Male,,%,,,,Total
Ukraine,UA,UKR,804,Proportion of adolescents and adults (aged 15 years and older) with an account at a financial institution or mobile money service provider,2014,52.71481,Total,,%,,,,Total
Ukraine,UA,UKR,804,Proportion of adolescents and adults (aged 15 years and older) with an account at a financial institution or mobile money service provider,2017,62.90233,Total,,%,,,,Total
United Arab Emirates,AE,ARE,784,Proportion of adolescents and adults (aged 15 years and older) with an account at a financial institution or mobile money service provider,2014,67.68062,Female,,%,,,,Total
United Arab Emirates,AE,ARE,784,Proportion of adolescents and adults (aged 15 years and older) with an account at a financial institution or mobile money service provider,2017,76.41672,Female,,%,,,,Total
United Arab Emirates,AE,ARE,784,Proportion of adolescents and adults (aged 15 years and older) with an account at a financial institution or mobile money service provider,2014,89.98199,Male,,%,,,,Total
United Arab Emirates,AE,ARE,784,Proportion of adolescents and adults (aged 15 years and older) with an account at a financial institution or mobile money service provider,2017,92.67216,Male,,%,,,,Total
United Arab Emirates,AE,ARE,784,Proportion of adolescents and adults (aged 15 years and older) with an account at a financial institution or mobile money service provider,2014,83.74332,Total,,%,,,,Total
United Arab Emirates,AE,ARE,784,Proportion of adolescents and adults (aged 15 years and older) with an account at a financial institution or mobile money service provider,2017,88.21039,Total,,%,,,,Total
Uruguay,UY,URY,858,Proportion of adolescents and adults (aged 15 years and older) with an account at a financial institution or mobile money service provider,2014,41.26562,Female,,%,,,,Total
Uruguay,UY,URY,858,Proportion of adolescents and adults (aged 15 years and older) with an account at a financial institution or mobile money service provider,2017,60.62884,Female,,%,,,,Total
Uruguay,UY,URY,858,Proportion of adolescents and adults (aged 15 years and older) with an account at a financial institution or mobile money service provider,2014,50.56156,Male,,%,,,,Total
Uruguay,UY,URY,858,Proportion of adolescents and adults (aged 15 years and older) with an account at a financial institution or mobile money service provider,2017,67.60585,Male,,%,,,,Total
Uruguay,UY,URY,858,Proportion of adolescents and adults (aged 15 years and older) with an account at a financial institution or mobile money service provider,2014,45.58573,Total,,%,,,,Total
Uruguay,UY,URY,858,Proportion of adolescents and adults (aged 15 years and older) with an account at a financial institution or mobile money service provider,2017,63.868,Total,,%,,,,Total
Uzbekistan,UZ,UZB,860,Proportion of adolescents and adults (aged 15 years and older) with an account at a financial institution or mobile money service provider,2014,39.33525,Female,,%,,,,Total
Uzbekistan,UZ,UZB,860,Proportion of adolescents and adults (aged 15 years and older) with an account at a financial institution or mobile money service provider,2017,35.96908,Female,,%,,,,Total
Uzbekistan,UZ,UZB,860,Proportion of adolescents and adults (aged 15 years and older) with an account at a financial institution or mobile money service provider,2014,42.19218,Male,,%,,,,Total
Uzbekistan,UZ,UZB,860,Proportion of adolescents and adults (aged 15 years and older) with an account at a financial institution or mobile money service provider,2017,38.33317,Male,,%,,,,Total
Uzbekistan,UZ,UZB,860,Proportion of adolescents and adults (aged 15 years and older) with an account at a financial institution or mobile money service provider,2014,40.71001,Total,,%,,,,Total
Uzbekistan,UZ,UZB,860,Proportion of adolescents and adults (aged 15 years and older) with an account at a financial institution or mobile money service provider,2017,37.08974,Total,,%,,,,Total
Viet Nam,VN,VNM,704,Proportion of adolescents and adults (aged 15 years and older) with an account at a financial institution or mobile money service provider,2014,32.03122,Female,,%,,,,Total
Vietnam,VN,VNM,704,Proportion of adolescents and adults (aged 15 years and older) with an account at a financial institution or mobile money service provider,2014,32.03122,Female,,%,,,,Total
Viet Nam,VN,VNM,704,Proportion of adolescents and adults (aged 15 years and older) with an account at a financial institution or mobile money service provider,2017,30.4197,Female,,%,,,,Total
Vietnam,VN,VNM,704,Proportion of adolescents and adults (aged 15 years and older) with an account at a financial institution or mobile money service provider,2017,30.4197,Female,,%,,,,Total
Viet Nam,VN,VNM,704,Proportion of adolescents and adults (aged 15 years and older) with an account at a financial institution or mobile money service provider,2014,29.81834,Male,,%,,,,Total
Vietnam,VN,VNM,704,Proportion of adolescents and adults (aged 15 years and older) with an account at a financial institution or mobile money service provider,2014,29.81834,Male,,%,,,,Total
Viet Nam,VN,VNM,704,Proportion of adolescents and adults (aged 15 years and older) with an account at a financial institution or mobile money service provider,2017,31.2051,Male,,%,,,,Total
Vietnam,VN,VNM,704,Proportion of adolescents and adults (aged 15 years and older) with an account at a financial institution or mobile money service provider,2017,31.2051,Male,,%,,,,Total
Viet Nam,VN,VNM,704,Proportion of adolescents and adults (aged 15 years and older) with an account at a financial institution or mobile money service provider,2014,30.95094,Total,,%,,,,Total
Vietnam,VN,VNM,704,Proportion of adolescents and adults (aged 15 years and older) with an account at a financial institution or mobile money service provider,2014,30.95094,Total,,%,,,,Total
Viet Nam,VN,VNM,704,Proportion of adolescents and adults (aged 15 years and older) with an account at a financial institution or mobile money service provider,2017,30.79579,Total,,%,,,,Total
Vietnam,VN,VNM,704,Proportion of adolescents and adults (aged 15 years and older) with an account at a financial institution or mobile money service provider,2017,30.79579,Total,,%,,,,Total
Zambia,ZM,ZMB,894,Proportion of adolescents and adults (aged 15 years and older) with an account at a financial institution or mobile money service provider,2014,33.24777,Female,,%,,,,Total
Zambia,ZM,ZMB,894,Proportion of adolescents and adults (aged 15 years and older) with an account at a financial institution or mobile money service provider,2017,40.27888,Female,,%,,,,Total
Zambia,ZM,ZMB,894,Proportion of adolescents and adults (aged 15 years and older) with an account at a financial institution or mobile money service provider,2014,38.13509,Male,,%,,,,Total
Zambia,ZM,ZMB,894,Proportion of adolescents and adults (aged 15 years and older) with an account at a financial institution or mobile money service provider,2017,51.68092,Male,,%,,,,Total
Zambia,ZM,ZMB,894,Proportion of adolescents and adults (aged 15 years and older) with an account at a financial institution or mobile money service provider,2014,35.64487,Total,,%,,,,Total
Zambia,ZM,ZMB,894,Proportion of adolescents and adults (aged 15 years and older) with an account at a financial institution or mobile money service provider,2017,45.86326,Total,,%,,,,Total
Zimbabwe,ZW,ZWE,716,Proportion of adolescents and adults (aged 15 years and older) with an account at a financial institution or mobile money service provider,2014,28.97972,Female,,%,,,,Total
Zimbabwe,ZW,ZWE,716,Proportion of adolescents and adults (aged 15 years and older) with an account at a financial institution or mobile money service provider,2017,51.66492,Female,,%,,,,Total
Zimbabwe,ZW,ZWE,716,Proportion of adolescents and adults (aged 15 years and older) with an account at a financial institution or mobile money service provider,2014,35.9539,Male,,%,,,,Total
Zimbabwe,ZW,ZWE,716,Proportion of adolescents and adults (aged 15 years and older) with an account at a financial institution or mobile money service provider,2017,59.2275,Male,,%,,,,Total
Zimbabwe,ZW,ZWE,716,Proportion of adolescents and adults (aged 15 years and older) with an account at a financial institution or mobile money service provider,2014,32.38925,Total,,%,,,,Total
Zimbabwe,ZW,ZWE,716,Proportion of adolescents and adults (aged 15 years and older) with an account at a financial institution or mobile money service provider,2017,55.28514,Total,,%,,,,Total
